fold,blend,WRMSSE,bias
1,lgbm,0.7970600497566834,-0.04003123410112164
1,catboost,0.8043751490041148,-0.04103010487900827
1,glm_offset,0.8139524029103047,-0.04969478713625142
1,nhits,0.8058108588841505,-0.09385854005813599
1,lgbm 0.8 + catboost 0.2,0.7952762467770629,-0.0402310082566989
1,lgbm 0.8 + glm 0.2,0.7940674846481227,-0.04196394470814757
1,lgbm 0.7 + catboost 0.3,0.7949947551616459,-0.04033089533448764
1,lgbm 0.7 + glm 0.3,0.7937473634737185,-0.04293030001166054
1,lgbm 0.6 + catboost 0.4,0.795120994973588,-0.04043078241227638
1,lgbm 0.6 + glm 0.4,0.7942181696285824,-0.043896655315173616
1,lgbm 0.5 + catboost 0.5,0.795654958405622,-0.04053066949006501
1,lgbm 0.5 + glm 0.5,0.7954864105235577,-0.044863010618686694
1,lgbm 0.5 + catboost 0.3 + glm 0.2,0.7935960429498076,-0.04226360594151357
1,lgbm 0.6 + nhits 0.4,0.7902804789159297,-0.06156218027264293
1,lgbm 0.5 + nhits 0.5,0.7906721356608151,-0.06694492463026813
1,lgbm 0.4 + nhits 0.4 + glm 0.2,0.7899317891832933,-0.06349489087966875
1,"equal thirds (lgbm, catboost, glm)",0.7947057770938948,-0.043585375372127144
2,lgbm,0.7801362556325507,-0.00983907110998461
2,catboost,0.7823305353002408,-0.01081295305372465
2,glm_offset,0.7936904327494791,-0.04036514442018391
2,nhits,0.7722357661620158,-0.05978679656982422
2,lgbm 0.8 + catboost 0.2,0.7775506854974572,-0.010033847498732706
2,lgbm 0.8 + glm 0.2,0.7772237092752171,-0.015944285772024447
2,lgbm 0.7 + catboost 0.3,0.7768129541391207,-0.010131235693106588
2,lgbm 0.7 + glm 0.3,0.7768062767526542,-0.01899689310304431
2,lgbm 0.6 + catboost 0.4,0.7764500225653396,-0.010228623887480581
2,lgbm 0.6 + glm 0.4,0.7770939227470072,-0.022049500434064173
2,lgbm 0.5 + catboost 0.5,0.7764653783939924,-0.010326012081854574
2,lgbm 0.5 + glm 0.5,0.7780920288492542,-0.025102107765084147
2,lgbm 0.5 + catboost 0.3 + glm 0.2,0.775145431207817,-0.016236450355146426
2,lgbm 0.6 + nhits 0.4,0.7663395594022341,-0.029818146659744804
2,lgbm 0.5 + nhits 0.5,0.7649744198833043,-0.034812923545658125
2,lgbm 0.4 + nhits 0.4 + glm 0.2,0.7663290442808754,-0.03592336132178453
2,"equal thirds (lgbm, catboost, glm)",0.7756751676265619,-0.020339056194631056
3,lgbm,0.7622327006770343,0.006971257940298514
3,catboost,0.76501866929681,0.011546372096282731
3,glm_offset,0.7748203384346383,-0.007344077446225894
3,nhits,0.7622525270928647,-0.05243349075317383
3,lgbm 0.8 + catboost 0.2,0.7600031888053252,0.007886280771495446
3,lgbm 0.8 + glm 0.2,0.7591223237553123,0.0041081908629934105
3,lgbm 0.7 + catboost 0.3,0.7594045353057064,0.00834379218709369
3,lgbm 0.7 + glm 0.3,0.7586069115906562,0.0026766573243410807
3,lgbm 0.6 + catboost 0.4,0.7591538186199558,0.008801303602692379
3,lgbm 0.6 + glm 0.4,0.758795649025366,0.0012451237856885289
3,lgbm 0.5 + catboost 0.5,0.7592531371444418,0.009258815018290623
3,lgbm 0.5 + glm 0.5,0.7596937235883323,-0.0001864097529636899
3,lgbm 0.5 + catboost 0.3 + glm 0.2,0.7574570839816994,0.005480725109789031
3,lgbm 0.6 + nhits 0.4,0.7514253133755896,-0.01679062232970041
3,lgbm 0.5 + nhits 0.5,0.7508965710536389,-0.02273110054158589
3,lgbm 0.4 + nhits 0.4 + glm 0.2,0.7511356711262706,-0.01965368940700507
3,"equal thirds (lgbm, catboost, glm)",0.7578123772754154,0.0037245175301183764
