feature,fold,importance
lag_28,1,0.22557097522054242
lag_35,1,0.08181863843501584
lag_42,1,0.03021109897417748
lag_49,1,0.013650255056130323
lag_56,1,0.09391398223785463
mean_7,1,2.21940901851929
mean_28,1,18.80297541854519
mean_56,1,27.81061643885841
std_28,1,4.452360519020851
sale_share_28,1,1.959570467264489
sale_share_56,1,7.8778544130361405
size_56,1,3.6182805481931144
oos_share_28,1,0.607949859299244
dow_mean_4,1,2.066253371596692
wday,1,1.2818027585321325
weekend,1,1.6470145680558925
mday,1,0.41643628398949417
month,1,0.37848896884720945
snap,1,0.4459452191345118
ev_thanksgiving,1,0.1313526623786583
ev_newyear,1,0.009996446948397547
ev_independenceday,1,0.016812985657597805
ev_laborday,1,0.09418487084657212
ev_easter,1,0.02089108737124477
ev_mothers_day,1,0.010997819391360275
ev_halloween,1,0.0
ev_valentinesday,1,0.036539295771327404
ev_superbowl,1,0.07205104846507442
ev_memorialday,1,0.02157623549572517
price,1,0.8987348159839341
price_rel,1,0.8446579240466937
price_chg_7,1,0.07038473015166584
age_days,1,0.06313552098890703
is_new,1,0.0
item_id,1,16.323434722391678
dept_id,1,3.667511305136596
cat_id,1,0.20430936156944185
store_id,1,3.3175037788726094
state_id,1,0.16580258571609946
lag_28,2,0.26984286010704933
lag_35,2,0.09852370462863756
lag_42,2,0.06123609320474851
lag_49,2,0.057926473292270804
lag_56,2,0.12935317972816246
mean_7,2,1.6110444623596898
mean_28,2,15.142227335016367
mean_56,2,29.27773243690069
std_28,2,0.9356422321766996
sale_share_28,2,1.0423228955752848
sale_share_56,2,12.274662176089295
size_56,2,4.367653136726722
oos_share_28,2,1.92215505171256
dow_mean_4,2,2.143667850825325
wday,2,1.4766672865146566
weekend,2,1.633933493871552
mday,2,0.5883051243605052
month,2,0.5300672908765474
snap,2,0.45010391510720027
ev_thanksgiving,2,0.15520518569274214
ev_newyear,2,0.044445233473504396
ev_independenceday,2,0.07849001607609424
ev_laborday,2,0.11534342221386389
ev_easter,2,0.08541811619817022
ev_mothers_day,2,0.047365222528287385
ev_halloween,2,0.02643626561112874
ev_valentinesday,2,0.055555202881736564
ev_superbowl,2,0.07557243196288578
ev_memorialday,2,0.020707931231074107
price,2,1.4597785090518405
price_rel,2,1.2155106184577578
price_chg_7,2,0.09963868757508991
age_days,2,0.11777308795600744
is_new,2,0.0
item_id,2,14.341008787264537
dept_id,2,3.458551139527761
cat_id,2,0.2683822763454791
store_id,2,3.8290737765486504
state_id,2,0.49267709032949175
lag_28,3,0.1971972308971633
lag_35,3,0.08773700535815705
lag_42,3,0.05546017896210052
lag_49,3,0.05071566634634189
lag_56,3,0.10141073262791456
mean_7,3,3.694008393835495
mean_28,3,10.466164887600424
mean_56,3,37.09993267899278
std_28,3,3.3502282632767555
sale_share_28,3,1.3160975890001834
sale_share_56,3,8.693598934700033
size_56,3,2.4487603263535327
oos_share_28,3,1.196136079856717
dow_mean_4,3,0.5461416228525198
wday,3,1.6997212335456526
weekend,3,1.3440792801676997
mday,3,0.5838084360471597
month,3,0.545811444580038
snap,3,0.39446944748618173
ev_thanksgiving,3,0.16981278528049729
ev_newyear,3,0.059835886093045534
ev_independenceday,3,0.08007120781195078
ev_laborday,3,0.07859933000536502
ev_easter,3,0.02982594906249411
ev_mothers_day,3,0.01839309683504779
ev_halloween,3,0.0738176229244174
ev_valentinesday,3,0.0483152871303622
ev_superbowl,3,0.0923724855215104
ev_memorialday,3,0.02003981418320358
price,3,1.2686964168240598
price_rel,3,0.9569293840095866
price_chg_7,3,0.12090145441974473
age_days,3,0.07746533255235438
is_new,3,0.0
item_id,3,14.7451294830335
dept_id,3,3.7427081606656896
cat_id,3,0.49300619372390786
store_id,3,3.6858943900860313
state_id,3,0.3667062873502918
