lead_time,policy,param,fill_rate,empty_shelf_share,avg_stock_value_$
3,model,q=0.6,0.8881492143456879,0.25391530414082564,403449.72423972824
3,model,q=0.7,0.9192482580391901,0.19300570068282905,441134.5179197358
3,model,q=0.8,0.9479309103994242,0.12900300695358016,497285.86074040475
3,model,q=0.9,0.9739027555148462,0.06682171271064337,599515.0305362986
3,model,q=0.95,0.9856314130873325,0.03818831046795715,705558.1216053619
3,naive,x1.0,0.8879038677527342,0.2119542066027689,416712.1208647637
3,naive,x1.2,0.9228881110493201,0.16620152853473658,470631.60949965863
3,naive,x1.5,0.9499078587239796,0.1297923322683706,554317.8280807518
3,naive,x2.0,0.9717666045121964,0.09103395351750924,722293.7556814336
3,naive,x2.5,0.9821583957604109,0.06582879158052997,926114.6769398778
7,model,q=0.6,0.9075528088749304,0.18253711708325504,740538.3781230098
7,model,q=0.7,0.9268956057872526,0.14788197707197895,770261.9665663233
7,model,q=0.8,0.9463033462830839,0.11238301071227214,816891.2279758735
7,model,q=0.9,0.9657903179507962,0.07396542003382822,906164.8603069319
7,model,q=0.95,0.975992954920061,0.054529223830107124,1001948.8196330495
7,naive,x1.0,0.8953096445118126,0.19274196579590303,732222.3141142121
7,naive,x1.2,0.9282646165276225,0.15436384138319864,787290.5039983956
7,naive,x1.5,0.9551045007202243,0.12114264236045856,901439.87276872
7,naive,x2.0,0.9756708347458563,0.08108062394286789,1192278.1232146511
7,naive,x2.5,0.9819768567045807,0.06654200338282278,1504538.1581274928
