feature,fold,gain,split
lag_28,1,402775.51949071884,5604
lag_35,1,229092.3565673828,5835
lag_42,1,174047.13367652893,5699
lag_49,1,178312.82034015656,5710
lag_56,1,340430.12247371674,6503
mean_7,1,2196503.8632502556,11609
mean_28,1,29031308.552163124,10908
mean_56,1,194308667.5691967,11125
std_28,1,1916076.6074209213,11399
sale_share_28,1,327518.9330654144,6198
sale_share_56,1,795333.5129032135,9326
size_56,1,31058149.980330944,11984
oos_share_28,1,272140.501036644,3285
dow_mean_4,1,2171198.899869442,8132
wday,1,1976094.762038231,5095
weekend,1,455606.127825737,463
mday,1,655228.7130303383,8512
month,1,509911.64209747314,6818
snap,1,352817.8133325577,943
ev_thanksgiving,1,114900.30199337006,1178
ev_newyear,1,59259.80972957611,896
ev_independenceday,1,65280.94456863403,1204
ev_laborday,1,110127.41015911102,1867
ev_easter,1,92810.42862176895,1879
ev_mothers_day,1,62732.36187171936,1205
ev_halloween,1,55415.485624313354,1127
ev_valentinesday,1,99905.64602279663,1565
ev_superbowl,1,91041.48386669159,1323
ev_memorialday,1,49048.13537359238,880
price,1,728141.9480657578,7354
price_rel,1,939318.1038842201,9703
price_chg_7,1,164864.1521205902,2713
age_days,1,92831.26332807541,927
is_new,1,0.0,0
item_id,1,25497016.46647072,137982
dept_id,1,1384362.4215455055,3610
cat_id,1,266813.994802475,1103
store_id,1,1903368.353864193,20442
state_id,1,190141.93298482895,2412
lag_28,2,306620.9241285324,2340
lag_35,2,147102.558344841,2231
lag_42,2,84928.64083862305,2112
lag_49,2,88841.8716917038,2263
lag_56,2,247180.73247146606,2775
mean_7,2,1963706.110994339,5420
mean_28,2,28942846.911409378,4910
mean_56,2,193212597.2952385,5676
std_28,2,1767983.125535965,5087
sale_share_28,2,257731.3452320099,2925
sale_share_56,2,772839.6206493378,4532
size_56,2,32876218.732484818,5617
oos_share_28,2,261815.12252902985,1753
dow_mean_4,2,2001418.351351738,3599
wday,2,2042086.2925329208,3207
weekend,2,423498.33019828796,396
mday,2,551554.7477874756,4650
month,2,444747.3206357956,3956
snap,2,344332.9055738449,631
ev_thanksgiving,2,105869.73742389679,721
ev_newyear,2,48295.63982486725,554
ev_independenceday,2,70968.68118858337,863
ev_laborday,2,98433.66666984558,1005
ev_easter,2,70377.96033096313,1000
ev_mothers_day,2,43153.42936897278,615
ev_halloween,2,39684.74127101898,586
ev_valentinesday,2,60689.000635147095,754
ev_superbowl,2,74205.7014503479,718
ev_memorialday,2,35438.79553318024,485
price,2,691302.0270805359,4449
price_rel,2,886337.5235309601,5558
price_chg_7,2,134417.90872764587,1618
age_days,2,83701.4390258789,544
is_new,2,0.0,0
item_id,2,23873009.516991615,101189
dept_id,2,1311396.443116188,2382
cat_id,2,237186.96582126617,728
store_id,2,1673653.8239431381,11344
state_id,2,170735.18356990814,1467
lag_28,3,407538.0766172409,6854
lag_35,3,257653.79549312592,6977
lag_42,3,195856.60086631775,6749
lag_49,3,200248.34644412994,6827
lag_56,3,342431.2300634384,7695
mean_7,3,2282937.771212578,13438
mean_28,3,29058366.820893288,12733
mean_56,3,196133464.59981155,12276
std_28,3,2002956.1501131058,13154
sale_share_28,3,341839.94363975525,6919
sale_share_56,3,908997.5794715881,10759
size_56,3,31386202.524183273,13921
oos_share_28,3,312985.493560791,3755
dow_mean_4,3,2015942.322438717,9472
wday,3,2053460.468711853,5750
weekend,3,458827.0835533142,519
mday,3,664572.1002950668,9861
month,3,511092.183508873,7367
snap,3,341518.0300798416,987
ev_thanksgiving,3,126695.578830719,1350
ev_newyear,3,70826.38576889038,1178
ev_independenceday,3,106171.38310050964,1910
ev_laborday,3,115834.24944877625,1943
ev_easter,3,92983.84139347076,1954
ev_mothers_day,3,66325.35889053345,1404
ev_halloween,3,61767.6084022522,1277
ev_valentinesday,3,100947.23011112213,1736
ev_superbowl,3,97871.3359413147,1615
ev_memorialday,3,47134.57637023926,970
price,3,801749.8742961884,7744
price_rel,3,968869.0288600922,11463
price_chg_7,3,175443.0130815506,2965
age_days,3,31260.588829040527,617
is_new,3,0.0,0
item_id,3,25734271.998155594,148401
dept_id,3,1355228.8057222366,3868
cat_id,3,242137.1275625229,1091
store_id,3,1967875.5844888687,22562
state_id,3,201199.99744415283,2557
