fold,cutoff_d,model,WRMSSE,RMSSE_mean,MAE,bias,eval_days_share
1,1829,zero,1.3703583155193986,0.917685337218607,1.5428551931213321,-1.0,0.8925736775523591
1,1829,mean_7,0.8463278623800955,0.7464093032517106,1.1265249183735604,-0.11276048421859741,0.8925736775523591
1,1829,mean_28,0.8156170737461041,0.7184810214223697,1.095148853424111,-0.077079176902771,0.8925736775523591
1,1829,mean_56,0.8134363131623104,0.7153223082451172,1.1012532840862563,-0.0613175630569458,0.8925736775523591
1,1829,last_week,1.0416011215916976,0.9255677078400057,1.2902751677147746,-0.1289190649986267,0.8925736775523591
1,1829,dow_mean,0.8643368087742592,0.7752547263131341,1.1359606242044877,-0.0836821419954944,0.8925736775523591
1,1829,mean_dow_profile,0.8112313745543193,0.717175927915172,1.0908438330142032,-0.07699569395283923,0.8925736775523591
1,1829,croston_sba,0.81442362635214,0.7107318510600253,1.0914222720122662,-0.09134922839142612,0.8925736775523591
1,1829,tsb,0.8156501607028191,0.712517603069739,1.0939619068422581,-0.04979506977139525,0.8925736775523591
2,1857,zero,1.3258486728456138,0.9061166972283988,1.5133699129347151,-1.0,0.9102726889378251
2,1857,mean_7,0.8197344014668134,0.7406837513805716,1.1138671990611464,-0.07232409715652466,0.9102726889378251
2,1857,mean_28,0.798453363767883,0.7143428806100541,1.0997408051286934,-0.00180739164352417,0.9102726889378251
2,1857,mean_56,0.7945480191660955,0.7100045023141649,1.0933100732449899,-0.030199050903320312,0.9102726889378251
2,1857,last_week,1.0291169649496108,0.9319439680905212,1.2883281560844042,-0.08727478981018066,0.9102726889378251
2,1857,dow_mean,0.8495262539883759,0.7770694838884684,1.1425211487019025,-0.008058710273941339,0.9102726889378251
2,1857,mean_dow_profile,0.7946218829650563,0.7130384463496254,1.0942849258552874,-0.0016897758146090514,0.9102726889378251
2,1857,croston_sba,0.7866276365193902,0.7024206362678657,1.0771310615368261,-0.03234940527516483,0.9102726889378251
2,1857,tsb,0.7928021057200577,0.7068791026673295,1.0878584737958343,0.012110095347336314,0.9102726889378251
3,1885,zero,1.3131570910295987,0.9011809795702598,1.4918251391465678,-1.0,0.9293538865201706
3,1885,mean_7,0.8244190785068481,0.7382555883949888,1.1041245487819633,-0.045648396015167236,0.9293538865201706
3,1885,mean_28,0.7917908246283214,0.7066198366455303,1.0735668155602163,-0.0012955665588378906,0.9293538865201706
3,1885,mean_56,0.7881495422568957,0.7032387963698569,1.0771929448656934,0.010996460914611816,0.9293538865201706
3,1885,last_week,1.0311137439601654,0.931041603396539,1.2823238485117368,-0.05785101652145386,0.9293538865201706
3,1885,dow_mean,0.8349731976509455,0.7673173384958574,1.1116004207464036,-0.006440378897966004,0.9293538865201706
3,1885,mean_dow_profile,0.7822532813375823,0.7031419483473494,1.0619285851091886,-0.001260230450500277,0.9293538865201706
3,1885,croston_sba,0.7863362861802278,0.6976299082014679,1.0666720599789024,-0.029907951209775074,0.9293538865201706
3,1885,tsb,0.7932632241750806,0.7033837126054574,1.0758776367015772,0.008635564153570696,0.9293538865201706
