model,erratic,intermittent,lumpy,n/a,smooth
croston_sba,0.8673657321358897,0.7644738367736262,0.7961145438734278,,0.8069973381964869
dow_mean,0.9175438398673478,0.8414477445084266,0.8742095803503847,,0.8285330284100901
last_week,1.0689450435360106,1.0400432651260798,1.048853475771949,,1.0103723615021323
mean_28,0.8769432214773246,0.7703698259334811,0.8033928269793359,,0.8119504715943178
mean_56,0.8671358236366875,0.7661237810799214,0.7982765841936867,,0.8127651180062996
mean_7,0.9044081685751554,0.8020187669232278,0.8361342876338661,,0.8352326317586801
mean_dow_profile,0.8836933731141067,0.7669406748992174,0.8023412191886804,,0.7972892510545805
tsb,0.8717287437483731,0.7711612089128866,0.8009295739558452,,0.8096938981559193
zero,1.584289230372737,1.0119179440512984,1.0952686783839403,,1.692201026613738
