model,WRMSSE,RMSSE_mean,MAE,bias
croston_sba,0.7957958496839194,0.7035941318431197,1.0784084645093317,-0.05120219495878867
mean_dow_profile,0.7960355129523192,0.7111187742040489,1.082352447992893,-0.026648566739316187
mean_56,0.7987112915284339,0.7095218689763797,1.0905854340656465,-0.026840051015218098
tsb,0.8005718301993191,0.7075934727808418,1.0858993391132232,-0.009683136756829414
mean_28,0.8019537540474362,0.7131479128926514,1.0894854913710068,-0.026727378368377686
mean_7,0.8301604474512523,0.7417828810090903,1.11483888873889,-0.07691099246342976
dow_mean,0.8496120868045268,0.77321384956582,1.1300273978842645,-0.03272707705580058
last_week,1.0339439435004911,0.9295177597756886,1.2869757241036386,-0.09134829044342041
zero,1.336454693131537,0.9083276713390885,1.5160167484008717,-1.0
