fold,model,WRMSSE,RMSSE_mean,MAE,bias,eval_days_share
1,theta,0.825364158304791,0.7171588493297052,1.1020519160104962,-0.04459482527826575,0.8925736775523591
1,adida,0.8200735765149164,0.7098123987081979,1.0973641299157484,-0.04620725293289085,0.8925736775523591
1,imapa,0.8211420887526599,0.7112782602190597,1.0982626214606772,-0.044875179066143356,0.8925736775523591
2,theta,0.800843604903222,0.7119165892150112,1.093838179388233,0.011499335145016998,0.9102726889378251
2,adida,0.7978866180767962,0.704633556248046,1.092429401255357,0.011146740577623104,0.9102726889378251
2,imapa,0.7990581536782154,0.7063046489160909,1.0938906277788618,0.01279768625126998,0.9102726889378251
3,theta,0.801096892638545,0.7087039727436456,1.08541456824735,0.010876606061154703,0.9293538865201706
3,adida,0.8038168239981509,0.7023036830885446,1.0894731812078704,0.014814490020689464,0.9293538865201706
3,imapa,0.8049689991909181,0.7041249933741031,1.0903732413877991,0.01466800600729301,0.9293538865201706
